[
    {
        "name": "Mona Lisa",
        "category": "PAINTING",
        "createdDate": "1503-10-01",
        "createdName": "Leonardo da Vinci"
    },
    {
        "name": "The Thinker",
        "category": "SCULPTURE",
        "createdDate": "1902-01-01",
        "createdName": "Auguste Rodin"
    },
    {
        "name": "The Parthenon Marbles",
        "category": "ARTIFACT",
        "createdDate": "1447-01-01",
        "createdName": "Phidias"
    },
    {
        "name": "The Starry Night",
        "category": "PAINTING",
        "createdDate": "1889-06-01",
        "createdName": "Vincent van Gogh"
    },
    {
        "name": "Venus de Milo",
        "category": "SCULPTURE",
        "createdDate": "150-125 BC",
        "createdName": "Alexandros of Antioch"
    },
    {
        "name": "Rosetta Stone",
        "category": "ARTIFACT",
        "createdDate": "1996-06-01",
        "createdName": "Unknown"
    },
    {
        "name": "David",
        "category": "SCULPTURE",
        "createdDate": "1504-01-01",
        "createdName": "Michelangelo"
    },
    {
        "name": "Guernica",
        "category": "PAINTING",
        "createdDate": "1937-04-01",
        "createdName": "Pablo Picasso"
    },
    {
        "name": "Great Sphinx of Giza",
        "category": "ARTIFACT",
        "createdDate": "1937-04-01",
        "createdName": "Unknown"
    },
    {
        "name": "The Scream",
        "category": "PAINTING",
        "createdDate": "1893-01-01",
        "createdName": "Edvard Munch"
    }
]
