<?xml version="1.0" encoding="UTF-8"?>
<beans xmlns="http://www.springframework.org/schema/beans"
    xmlns:xsi="http://www.w3.org/2001/XMLSchema-instance"
    xsi:schemaLocation="
        http://www.springframework.org/schema/beans http://www.springframework.org/schema/beans/spring-beans.xsd">

    <!-- bean definitions here -->
    <bean class="com.cdac.entity.JavaTrainer" id="javaTrainer">
       <constructor-arg name="name" value="Mr Vishal"/>
       <constructor-arg>
          <list>
            <value>OOP</value>
            <value>Threads</value>
            <value>Reflection</value>
          </list>
       </constructor-arg>
    </bean>
    
    <bean class="com.cdac.entity.JavaTrainer" id="advjavaTrainer">
       <constructor-arg name="name" value="Mr Rishikesh"/>
       <constructor-arg>
          <list>
            <value>Servlet</value>
            <value>Hibernate</value>
            <value>Spring</value>
          </list>
       </constructor-arg>
    </bean>
    
    <bean class="com.cdac.entity.METNashik" id="met">
      <constructor-arg name="trainer" ref="advjavaTrainer"/>
    </bean>
    
     <bean class="com.cdac.entity.PgDac" id="pgDac">
      <constructor-arg name="center" ref="met"/>
    </bean>

</beans>